x,y1,y2,y3,y4,y5,y6,y7,y8,y9,y10,y11,y12,y13,y14,y15,y16,y17,y18,y19,y20,y21,y22,y23,y24,y25,y26,y27,y28,y29,y30,y31,y32,y33,y34,y35,y36,y37,y38,y39,y40,y41,y42,y43,y44,y45,y46,y47,y48,y49,y50
-20.0,-9.0,17.0,-28.0,33.0,-5.5,-40.0,3.0,-6.0,27.0,-18.0,6.0,16.0,-3.957433,6.229455,-2.694529,4.044329,2.168005,3.887651,3.261707,-5.005718,2.078643,-2.913028,-5.644521,7.95911,8.944272,-5.944272,2.708204,-4.366563,9.133567,-5.089045,2.262331,-5.742472,9.0,-4.8,23.3,-9.9,17.031925,19.926854,20.02721,23.161754,-3.823916,5.397077,-14.498026,13.609719,-3.946457,2.994534,-4.73403,3.890844,18.93017,2.542327
-19.5,-8.75,16.625,-27.4,32.3,-5.425,-39.0,2.655,-5.60375,26.00875,-16.96,5.7525,14.815,-3.994173,5.821914,-1.651676,3.459047,2.493659,3.64815,3.570323,-4.686969,1.460104,-2.52611,-5.059941,7.999008,8.831761,-5.831761,2.623821,-4.299057,9.061275,-5.04085,2.228595,-5.66536,8.65,-4.5,22.75,-9.45,16.01687,18.488533,18.763565,21.753208,-4.571923,5.99882,-13.673121,13.985951,-3.939382,2.993489,-4.70971,3.878323,17.611979,2.471924
-19.0,-8.5,16.25,-26.8,31.6,-5.35,-38.0,2.32,-5.215,25.035,-15.94,5.51,13.66,-3.871679,5.339129,-0.651058,2.865561,2.32281,3.28239,3.800423,-4.33138,1.084681,-2.130101,-4.245407,7.92974,8.717798,-5.717798,2.538348,-4.230679,8.987197,-4.991465,2.194025,-5.586343,8.3,-4.2,22.2,-9.0,15.146241,17.211343,17.497432,20.397943,-5.399396,6.553428,-13.23187,14.157986,-3.93138,2.992246,-4.683238,3.864388,16.112804,2.406688
-18.5,-8.25,15.875,-26.2,30.9,-5.275,-37.0,1.995,-4.83375,24.07875,-14.94,5.2725,12.535,-3.594832,4.788633,0.185995,2.267209,1.689476,2.800306,3.94498,-3.942506,1.011645,-1.726426,-3.262132,7.752567,8.602325,-5.602325,2.451744,-4.161395,8.911243,-4.940829,2.15858,-5.505326,7.95,-3.9,21.65,-8.55,14.416376,16.123395,16.231845,19.10478,-6.245558,7.046199,-13.182485,14.083658,-3.922332,2.990765,-4.654438,3.848884,14.549614,2.341704
-18.0,-8.0,15.5,-25.6,30.2,-5.2,-36.0,1.68,-4.46,23.14,-13.96,5.04,11.44,-3.174671,4.179017,0.757986,1.667355,0.719758,2.214994,3.999576,-3.524231,1.252526,-1.316538,-2.184009,7.470713,8.485281,-5.485281,2.363961,-4.091169,8.833317,-4.888878,2.122215,-5.422205,7.6,-3.6,21.1,-8.1,13.818996,15.238128,14.970082,17.881707,-7.048474,7.463822,-13.455156,13.742809,-3.912104,2.989002,-4.623121,3.831641,13.046504,2.27204
-17.5,-7.75,15.125,-25.0,29.5,-5.125,-35.0,1.375,-4.09375,22.21875,-13.0,4.8125,10.375,-2.627946,3.519793,0.995558,1.069371,-0.393268,1.542351,3.962544,-3.080734,1.769295,-0.901911,-1.092057,7.089306,8.3666,-5.3666,2.27495,-4.01996,8.753312,-4.835541,2.084879,-5.336866,7.25,-3.3,20.55,-7.65,13.34154,14.553108,13.715633,16.735697,-7.748896,7.794672,-13.915951,13.139087,-3.900547,2.986904,-4.589087,3.812473,11.720882,2.193055
-17.0,-7.5,14.75,-24.4,28.8,-5.05,-34.0,1.08,-3.735,21.315,-12.06,4.59,9.34,-1.976453,2.821249,0.869905,0.476619,-1.427992,0.80065,3.835016,-2.616448,2.480365,-0.484039,-0.068336,6.615287,8.246211,-5.246211,2.184658,-3.947727,8.671115,-4.780744,2.04652,-5.24919,6.9,-3.0,20.0,-7.2,12.96766,14.050251,12.472164,15.672556,-8.293948,8.029073,-14.393481,12.299624,-3.887491,2.984406,-4.552123,3.791174,10.670392,2.100677
-16.5,-7.25,14.375,-23.8,28.1,-4.975,-33.0,0.795,-3.38375,20.42875,-11.14,4.3725,8.335,-1.246165,2.094285,0.396263,-0.107568,-2.178395,0.010038,3.620887,-2.13601,3.273474,-0.064425,0.81022,6.057283,8.124038,-5.124038,2.093029,-3.874423,8.586603,-4.724402,2.007081,-5.159043,6.55,-2.7,19.45,-6.75,12.677876,13.697428,11.243483,14.696791,-8.640417,8.159515,-14.713024,11.272608,-3.872749,2.981432,-4.512003,3.767519,9.962046,1.991656
-16.0,-7.0,14.0,-23.2,27.4,-4.9,-32.0,0.52,-3.04,19.56,-10.24,4.16,7.36,-0.466197,1.350245,-0.367937,-0.679905,-2.495067,-0.80801,3.326698,-1.644222,4.023408,0.355421,1.47759,5.425446,8.0,-5.0,2.0,-3.8,8.49964,-4.666427,1.966499,-5.066283,6.2,-2.4,18.9,-6.3,12.450352,13.451346,10.033497,13.811506,-8.757433,8.180823,-14.731316,10.12298,-3.85611,2.977895,-4.468489,3.741264,9.624761,1.863765
-15.5,-6.75,13.625,-22.6,26.7,-4.825,-31.0,0.255,-2.70375,18.70875,-9.36,3.9525,6.415,0.332358,0.600739,-1.330032,-1.237175,-2.314956,-1.631274,2.961435,-1.145998,4.611768,0.773988,1.88362,4.731276,7.874008,-4.874008,1.905506,-3.724405,8.410081,-4.606721,1.924705,-4.970753,5.85,-2.1,18.35,-5.85,12.261768,13.261409,8.846177,13.018337,-8.628395,8.090272,-14.365071,8.926637,-3.837341,2.973686,-4.42133,3.71214,9.646138,1.715933
-15.0,-6.5,13.25,-22.0,26.0,-4.75,-30.0,0.0,-2.375,17.875,-8.5,3.75,5.5,1.117662,-0.142536,-2.373363,-1.776244,-1.673924,-2.43739,2.536256,-0.646314,4.945665,1.18977,1.997798,3.987404,7.745967,-4.745967,1.809475,-3.64758,8.317766,-4.545177,1.881624,-4.872284,5.5,-1.8,17.8,-5.4,12.088246,13.074237,7.68552,12.31741,-8.252,7.887651,-13.607569,7.763645,-3.816181,2.968679,-4.370266,3.679859,9.973847,1.548313
-14.5,-6.25,12.875,-21.4,25.3,-4.675,-29.0,-0.245,-2.05375,17.05875,-7.66,3.5525,4.615,1.858409,-0.867982,-3.371423,-2.294082,-0.699605,-3.204462,2.06415,-0.150164,4.972385,1.60127,1.811542,3.207366,7.615773,-4.615773,1.71183,-3.569464,8.22252,-4.48168,1.837176,-4.770688,5.15,-1.5,17.25,-4.95,11.906307,12.838438,6.555503,11.707342,-7.642324,7.575263,-12.529991,6.711092,-3.792341,2.962726,-4.315024,3.644106,10.521448,1.362274
-14.0,-6.0,12.5,-20.8,24.6,-4.6,-28.0,-0.48,-1.74,16.26,-6.84,3.36,3.76,2.525067,-1.564279,-4.203191,-2.787777,0.41401,-3.911653,1.559537,0.337494,4.687708,2.007006,1.338851,2.405357,7.483315,-4.483315,1.612486,-3.489989,8.124151,-4.4161,1.79127,-4.665761,4.8,-1.2,16.7,-4.5,11.6938,12.509198,5.460047,11.185273,-6.827946,7.157879,-11.267246,5.836203,-3.765502,2.955651,-4.255321,3.604542,11.178019,1.160313
-13.5,-5.75,12.125,-20.2,23.9,-4.525,-27.0,-0.705,-1.43375,15.47875,-6.04,3.1725,2.935,3.091058,-2.220562,-4.767813,-3.254553,1.445194,-4.539755,1.037832,0.811789,4.136579,2.40552,0.615247,1.595972,7.348469,-4.348469,1.511352,-3.409082,8.022446,-4.348297,1.743808,-4.557276,4.45,-0.9,16.15,-4.05,11.430793,12.05228,4.40298,10.746924,-5.850176,6.642626,-9.991112,5.190331,-3.735312,2.947244,-4.190865,3.560802,11.820504,0.945905
-13.0,-5.5,11.75,-19.6,23.2,-4.45,-26.0,-0.92,-1.135,14.715,-5.26,2.99,2.14,3.533819,-2.826588,-4.996824,-3.691787,2.18863,-5.071704,0.514971,1.267981,3.40601,2.795377,-0.304893,0.793939,7.211103,-4.211103,1.408327,-3.326662,7.917172,-4.278115,1.69468,-4.444983,4.1,-0.6,15.6,-3.6,11.100364,11.447087,3.387995,10.386702,-4.76048,6.038831,-8.876033,4.80437,-3.701385,2.93726,-4.121361,3.5125,12.327417,0.723288
-12.5,-5.25,11.375,-19.0,22.5,-4.375,-25.0,-1.125,-0.84375,13.96875,-4.5,2.8125,1.375,3.835697,-3.372902,-4.862457,-4.097019,2.496298,-5.493053,0.006927,1.701512,2.61134,3.175173,-1.352419,0.013854,7.071068,-4.071068,1.303301,-3.242641,7.808069,-4.205379,1.643766,-4.328607,3.75,-0.3,15.05,-3.15,10.689273,10.6885,2.418611,10.097816,-3.617283,5.357807,-8.064384,4.686,-3.663298,2.92541,-4.046505,3.45922,12.592367,0.497205
-12.0,-5.0,11.0,-18.4,21.8,-4.3,-24.0,-1.32,-0.56,13.24,-3.76,2.64,0.64,3.984658,-3.850978,-4.381004,-4.467971,2.306939,-5.792356,-0.470782,2.10805,1.878031,3.543542,-2.44861,-0.73009,6.928203,-3.928203,1.196152,-3.156922,7.694848,-4.129899,1.590929,-4.207838,3.4,0.0,14.5,-2.7,10.188494,9.787336,1.498147,9.872439,-2.482338,4.612602,-7.638128,4.818996,-3.620593,2.911356,-3.965995,3.400528,12.535901,0.272611
-11.5,-4.75,10.625,-17.8,21.1,-4.225,-23.0,-1.505,-0.28375,12.52875,-3.04,2.4725,-0.065,3.974764,-4.253357,-3.610843,-4.802558,1.658254,-5.961483,-0.903564,2.483534,1.321857,3.899158,-3.511089,-1.424352,6.78233,-3.78233,1.086747,-3.069398,7.577186,-4.051457,1.53602,-4.082332,3.05,0.3,13.95,-2.25,9.593573,8.76938,0.629679,9.701875,-1.416884,3.817708,-7.602491,5.164681,-3.572773,2.8947,-3.87953,3.335965,12.114355,0.05437
-11.0,-4.5,10.25,-17.2,20.4,-4.15,-22.0,-1.68,-0.015,11.835,-2.34,2.31,-0.74,3.806408,-4.573758,-2.64536,-5.098899,0.679402,-5.99584,-1.278197,2.824211,1.030624,4.240741,-4.46001,-2.056301,6.63325,-3.63325,0.974937,-2.97995,7.45472,-3.969813,1.478869,-3.951701,2.7,0.6,13.4,-1.8,8.904806,7.673083,-0.183986,9.576763,-0.477839,2.988728,-7.884928,5.665376,-3.519307,2.874982,-3.786812,3.265058,11.324713,-0.153045
-10.5,-4.25,9.875,-16.6,19.7,-4.075,-21.0,-1.845,0.24625,11.15875,-1.66,2.1525,-1.385,3.486303,-4.807183,-1.601624,-5.355327,-0.434724,-5.894493,-1.583239,3.126678,1.050313,4.567062,-5.224062,-2.614436,6.480741,-3.480741,0.860556,-2.888444,7.327041,-3.884694,1.419286,-3.815511,2.35,0.9,12.85,-1.35,8.127227,6.546128,-0.940337,9.487278,0.285738,2.142036,-8.349561,6.249558,-3.459626,2.851664,-3.687555,3.187317,10.204944,-0.345824
-10.0,-4.0,9.5,-16.0,19.0,-4.0,-20.0,-2.0,0.5,10.5,-1.0,2.0,-2.0,3.02721,-4.949989,-0.606193,-5.570401,-1.462293,-5.660195,-1.80937,3.387913,1.377814,4.876947,-5.745827,-3.0886,6.324555,-3.324555,0.743416,-2.794733,7.193686,-3.795791,1.357053,-3.673265,2.0,1.2,12.3,-0.9,7.270407,5.441169,-1.63719,9.42336,0.835697,1.2944,-8.824237,6.838246,-3.393135,2.824127,-3.581489,3.102246,8.829771,-0.521055
-9.5,-3.75,9.125,-15.4,18.3,-3.925,-19.0,-2.145,0.74625,9.85875,-0.36,1.8525,-2.585,2.447432,-4.999947,0.220232,-5.742911,-2.198711,-5.299312,-1.949684,3.605305,1.961423,5.16928,-5.986094,-3.470166,6.164414,-3.164414,0.623311,-2.698648,7.054126,-3.702751,1.291925,-3.524401,1.65,1.5,11.75,-0.45,6.348074,4.411129,-2.2727,9.374934,1.147171,0.46261,-9.134802,7.352057,-3.319208,2.791659,-3.468363,3.009347,7.302359,-0.676905
-9.0,-3.5,8.75,-14.8,17.6,-3.85,-18.0,-2.28,0.985,9.235,0.26,1.71,-3.14,1.770082,-4.956278,0.777444,-5.871888,-2.497353,-4.821645,-1.999894,3.776682,2.709,5.443009,-5.926809,-3.752188,6.0,-3.0,0.5,-2.6,6.907755,-3.60517,1.223619,-3.368272,1.3,1.8,11.2,0.0,5.377561,3.504471,-2.845391,9.33214,1.21012,-0.336899,-9.13978,7.718293,-3.237204,2.753452,-3.347951,2.90813,5.742818,-0.812727
-8.5,-3.25,8.375,-14.2,16.9,-3.775,-17.0,-2.405,1.21625,8.62875,0.86,1.5725,-3.665,1.022164,-4.819663,0.997878,-5.956606,-2.298758,-4.240169,-1.958467,3.900333,3.50252,5.697149,-5.572425,-3.929537,5.830952,-2.830952,0.373214,-2.498571,6.753875,-3.502584,1.151809,-3.204134,0.95,2.1,10.65,0.45,4.379123,2.760871,-3.354159,9.285551,1.029957,-1.088419,-8.758536,7.877444,-3.146475,2.708591,-3.220063,2.798124,4.274839,-0.929106
-8.0,-3.0,8.0,-13.6,16.2,-3.7,-16.0,-2.52,1.44,8.04,1.44,1.44,-4.16,0.233497,-4.592235,0.854806,-5.996589,-1.642466,-3.57068,-1.826667,3.975021,4.216703,5.930786,-4.949575,-3.998984,5.656854,-2.656854,0.242641,-2.394113,6.591674,-3.394449,1.076114,-3.031119,0.6,2.4,10.1,0.9,3.375122,2.207671,-3.798294,9.22639,0.62721,-1.777316,-7.987336,7.788494,-3.046377,2.656055,-3.084547,2.678887,3.011918,-1.027817
-7.5,-2.75,7.625,-13.0,15.5,-3.625,-15.0,-2.625,1.65625,7.46875,2.0,1.3125,-4.625,-0.56448,-4.277541,0.365576,-5.991612,-0.65915,-2.831363,-1.608522,4.0,4.738795,6.143078,-4.105065,-3.959265,5.477226,-2.477226,0.107919,-2.286335,6.420198,-3.280132,0.996093,-2.848212,0.25,2.7,9.55,1.35,2.38914,1.85744,-4.17748,9.14672,0.036245,-2.390366,-6.900088,7.43259,-2.936286,2.59472,-2.941296,2.550019,2.044718,-1.111722
-7.0,-2.5,7.25,-12.4,14.8,-3.55,-14.0,-2.72,1.865,6.915,2.54,1.19,-5.06,-1.339953,-3.880493,-0.410492,-5.941704,0.455406,-2.042299,-1.310694,3.975021,4.98637,6.333262,-3.102361,-3.811103,5.291503,-2.291503,-0.031373,-2.174902,6.238325,-3.158883,0.911218,-2.654213,-0.1,3.0,9.0,1.8,1.445036,1.706848,-4.491799,9.039628,-0.696867,-2.916047,-5.633628,6.814727,-2.815622,2.523369,-2.790261,2.411183,1.430976,-1.184589
-6.5,-2.25,6.875,-11.8,14.1,-3.475,-13.0,-2.805,2.06625,6.37875,3.06,1.0725,-5.465,-2.062005,-3.407287,-1.379294,-5.847144,1.479289,-1.224924,-0.942281,3.900333,4.920341,6.500652,-2.016815,-3.557195,5.09902,-2.09902,-0.175735,-2.059412,6.044709,-3.029806,0.820864,-2.44769,-0.45,3.3,8.45,2.25,0.565996,1.736968,-4.741733,8.899379,-1.517219,-3.344799,-4.360472,5.963298,-2.683868,2.440712,-2.63145,2.262112,1.189077,-1.250866
-6.0,-2.0,6.5,-11.2,13.4,-3.4,-12.0,-2.88,2.26,5.86,3.56,0.96,-5.84,-2.701853,-2.865306,-2.42336,-5.708465,2.208637,-0.401439,-0.514538,3.776682,4.551132,6.644648,-0.930005,-3.20216,4.898979,-1.898979,-0.325765,-1.939388,5.83773,-2.89182,0.724274,-2.226912,-0.8,3.6,7.9,2.7,-0.22639,1.914959,-4.928156,8.721543,-2.36448,-3.669238,-3.254471,4.927561,-2.540596,2.345419,-2.46494,2.102635,1.296002,-1.315404
-5.5,-1.75,6.125,-10.6,12.7,-3.325,-11.0,-2.945,2.44625,5.35875,4.04,0.8525,-6.185,-3.233986,-2.263009,-3.416092,-5.526447,2.498232,0.405787,-0.040531,3.605305,3.937033,6.76473,0.076396,-2.75246,4.690416,-1.690416,-0.482188,-1.814249,5.615407,-2.743604,0.620523,-1.989767,-1.15,3.9,7.35,3.15,-0.912989,2.197009,-5.052329,8.503095,-3.176644,-3.884325,-2.456194,3.773237,-2.385494,2.23617,-2.290879,1.932691,1.689894,-1.383159
-5.0,-1.5,5.75,-10.0,12.0,-3.25,-10.0,-3.0,2.625,4.875,4.5,0.75,-6.5,-3.63719,-1.609793,-4.237116,-5.302112,2.290415,1.174828,0.465262,3.387913,3.174998,6.860466,0.926755,-2.216278,4.472136,-1.472136,-0.645898,-1.683282,5.375278,-2.583519,0.508463,-1.73363,-1.5,4.2,6.8,3.6,-1.477892,2.53224,-5.115884,8.242485,-3.893889,-3.987475,-2.04494,2.57664,-2.218399,2.111717,-2.109495,1.752341,2.276945,-1.458893
-4.5,-1.25,5.375,-9.4,11.3,-3.175,-9.0,-3.045,2.79625,4.40875,4.94,0.6525,-6.785,-3.895391,-0.915853,-4.786879,-5.036721,1.626563,1.884793,0.987389,3.126678,2.385334,6.931512,1.557171,-1.603371,4.242641,-1.242641,-0.818019,-1.545584,5.114244,-2.409496,0.386647,-1.455194,-1.85,4.5,6.25,4.05,-1.909043,2.86726,-5.120808,7.93967,-4.462293,-3.978617,-2.022949,1.41786,-2.03932,1.970971,-1.921095,1.561791,2.941841,-1.546876
-4.0,-1.0,5.0,-8.8,10.6,-3.1,-8.0,-3.08,2.96,3.96,5.36,0.56,-7.04,-3.998294,-0.192016,-4.998721,-4.731768,0.638853,2.516397,1.509901,2.824211,1.692713,6.977612,1.920266,-0.924893,4.0,-1.0,-1.0,-1.4,4.828314,-2.218876,0.253213,-1.150201,-2.2,4.8,5.7,4.5,-2.198721,3.150926,-5.069424,7.596117,-4.83719,-3.860195,-2.314959,0.37361,-1.848469,1.813103,-1.72607,1.3614,3.5606,-1.650627
-3.5,-0.75,4.625,-8.2,9.9,-3.025,-7.0,-3.105,3.11625,3.52875,5.76,0.4725,-7.265,-3.941799,0.550422,-4.846954,-4.388966,-0.476057,3.052485,2.016838,2.483534,1.206483,6.9986,1.988755,-0.193189,3.741657,-0.741657,-1.193757,-1.244994,4.512232,-2.008155,0.105708,-0.813048,-2.55,5.1,5.15,4.95,-2.343849,3.338919,-4.964371,7.21477,-4.985944,-3.637116,-2.783186,-0.489628,-1.64628,1.637654,-1.524895,1.151688,4.014376,-1.772697
-3.0,-0.5,4.25,-7.6,9.2,-2.95,-6.0,-3.12,3.265,3.115,6.14,0.39,-7.46,-3.728156,1.299875,-4.349981,-4.010243,-1.49618,3.478493,2.492713,2.10805,1.00341,6.994401,1.757491,0.578426,3.464102,-0.464102,-1.401924,-1.078461,4.158883,-1.772589,-0.059188,-0.436142,-2.9,5.4,4.6,5.4,-2.346117,3.397695,-4.80857,6.799981,-4.88998,-3.316635,-3.25476,-1.121543,-1.43343,1.444649,-1.318124,0.933343,4.202694,-1.914515
-2.5,-0.25,3.875,-7.0,8.5,-2.875,-5.0,-3.125,3.40625,2.71875,6.5,0.3125,-7.625,-3.365884,2.044649,-3.568062,-3.597729,-2.218406,3.782852,2.922991,1.701512,1.115555,6.965029,1.243852,1.375909,3.162278,-0.162278,-1.628292,-0.897367,3.758289,-1.505526,-0.246132,-0.008841,-3.25,5.7,4.05,5.85,-2.211913,3.30749,-4.605202,6.357416,-4.545938,-2.908194,-3.556146,-1.492485,-1.210839,1.23471,-1.106392,0.70722,4.054635,-2.076295
-2.0,0.0,3.5,-6.4,7.8,-2.8,-4.0,-3.12,3.54,2.34,6.84,0.24,-7.76,-2.869424,2.773121,-2.596008,-3.153741,-2.498934,3.957292,3.294527,1.267981,1.525213,6.910591,0.48644,2.184749,2.828427,0.171573,-1.87868,-0.697056,3.295837,-1.197225,-0.461943,0.484441,-3.6,6.0,3.5,6.3,-1.952068,3.064078,-4.357673,5.893927,-3.965884,-2.423212,-3.547695,-1.596117,-0.979675,1.009127,-0.890404,0.474331,3.536733,-2.257028
-1.5,0.25,3.125,-5.8,7.1,-2.725,-3.0,-3.105,3.66625,1.97875,7.16,0.1725,-7.865,-2.25857,3.473925,-1.551686,-2.680778,-2.28191,3.997076,3.595972,0.811789,2.167706,6.831282,-0.457828,2.990227,2.44949,0.55051,-2.162883,-0.469694,2.748872,-0.832581,-0.717193,1.06787,-3.95,5.7,2.95,6.75,-1.581427,2.679154,-4.069581,5.417397,-3.176555,-1.874828,-3.151447,-1.449981,-0.741333,0.769897,-0.670929,0.235834,2.656699,-2.454543
-1.0,0.5,2.75,-5.2,6.4,-2.65,-2.0,-3.08,3.785,1.635,7.46,0.11,-7.94,-1.557673,4.136123,-0.561723,-2.181498,-1.610544,3.901122,3.818118,0.337494,2.941601,6.727388,-1.517989,3.777685,2.0,1.0,-2.5,-0.2,2.079442,-0.386294,-1.029594,1.781929,-4.3,5.4,2.4,7.2,-1.118255,2.179285,-3.744677,4.936561,-2.217702,-1.277601,-2.366654,-1.093927,-0.497412,0.519705,-0.448789,-0.006987,1.462567,-2.665636
-0.5,0.75,2.375,-4.6,5.7,-2.575,-1.0,-3.045,3.89625,1.30875,7.74,0.0525,-7.985,-0.794677,4.749384,0.253841,-1.658708,-0.61851,3.672039,3.95418,-0.150164,3.724716,6.599283,-2.614373,4.532795,1.414214,1.585786,-2.93934,0.151472,1.216395,0.18907,-1.432349,2.702512,-4.65,5.1,1.85,7.65,-0.583508,1.60354,-3.386834,4.460814,-1.139616,-0.647191,-1.269931,-0.586561,-0.249675,0.261832,-0.224848,-0.252749,0.03734,-2.886274
0.0,1.0,2.0,-4.0,5.0,-2.5,0.0,-3.0,4.0,1.0,8.0,0.0,-8.0,0.0,5.304137,0.796117,-1.115347,0.496673,3.316047,4.0,-0.646314,4.393413,6.447427,-3.664587,5.241814,0.0,3.0,-4.0,1.0,0.0,1.0,-2.0,4.0,-5.0,4.8,1.3,8.1,0.0,1.0,-3.0,4.0,0.0,0.0,0.0,0.0,0.0,0.0,0.0,-0.5,-1.510245,-3.111834
0.5,1.25,1.625,-3.4,4.3,-2.425,1.0,-2.945,4.09625,0.70875,8.24,-0.0475,-7.985,0.794677,5.791725,0.999351,-0.55447,1.512966,2.842817,3.95418,-1.145998,4.842122,6.272367,-4.589709,5.891841,1.414214,1.585786,-2.93934,0.151472,1.216395,0.18907,-1.432349,2.702512,-4.65,4.5,0.75,8.55,0.608508,0.42146,-2.588166,3.564186,1.139616,0.647191,1.269931,0.586561,0.249675,-0.261832,0.224848,-0.747251,-3.057829,-3.337394
1.0,1.5,1.25,-2.8,3.6,-2.35,2.0,-2.88,4.185,0.435,8.46,-0.09,-7.94,1.557673,6.204539,0.8389,0.020768,2.228018,2.265204,3.818118,-1.644222,5.0,6.074734,-5.320214,6.471046,2.0,1.0,-2.5,-0.2,2.079442,-0.386294,-1.029594,1.781929,-4.3,4.2,0.2,9.0,1.218255,-0.079285,-2.155323,3.163439,2.217702,1.277601,2.366654,1.093927,0.497412,-0.519705,0.448789,-0.993013,-4.483056,-3.558032
1.5,1.75,0.875,-2.2,2.9,-2.275,3.0,-2.805,4.26625,0.17875,8.66,-0.1275,-7.865,2.25857,6.536139,0.33422,0.607135,2.499459,1.598897,3.595972,-2.13601,4.842122,5.855239,-5.801207,6.968891,2.44949,0.55051,-2.162883,-0.469694,2.748872,-0.832581,-0.717193,1.06787,-3.95,3.9,-0.35,8.55,1.806427,-0.454154,-1.705419,2.807603,3.176555,1.874828,3.151447,1.449981,0.741333,-0.769897,0.670929,-1.235834,-5.677188,-3.769125
2.0,2.0,0.5,-1.6,2.2,-2.2,4.0,-2.72,4.34,-0.06,8.84,-0.16,-7.76,2.869424,6.781349,-0.453496,1.201333,2.273244,0.861995,3.294527,-2.616448,4.393413,5.61467,-5.996541,7.376315,2.828427,0.171573,-1.87868,-0.697056,3.295837,-1.197225,-0.461943,0.484441,-3.6,3.6,-0.9,8.1,2.352068,-0.664078,-1.242327,2.506073,3.965884,2.423212,3.547695,1.596117,0.979675,-1.009127,0.890404,-1.474331,-6.557222,-3.96664
2.5,2.25,0.125,-1.0,1.5,-2.125,5.0,-2.625,4.40625,-0.28125,9.0,-0.1875,-7.625,3.365884,6.936343,-1.428732,1.800021,1.594412,0.074516,2.922991,-3.080734,3.724716,5.353895,-5.891536,7.685904,3.162278,-0.162278,-1.628292,-0.897367,3.758289,-1.505526,-0.246132,-0.008841,-3.25,3.3,-1.45,7.65,2.836913,-0.68249,-0.769798,2.267584,4.545938,2.908194,3.556146,1.492485,1.210839,-1.23471,1.106392,-1.70722,-7.075124,-4.147373
3.0,2.5,-0.25,-0.4,0.8,-2.05,6.0,-2.52,4.465,-0.485,9.14,-0.21,-7.46,3.728156,6.998703,-2.473237,2.399833,0.598123,-0.742151,2.492713,-3.524231,2.941601,5.073852,-5.494084,7.892025,3.464102,-0.464102,-1.401924,-1.078461,4.158883,-1.772589,-0.059188,-0.436142,-2.9,3.0,-2.0,7.2,3.246117,-0.497695,-0.29143,2.100019,4.88998,3.316635,3.25476,1.121543,1.43343,-1.444649,1.318124,-1.933343,-7.223183,-4.309153
3.5,2.75,-0.625,0.2,0.1,-1.975,7.0,-2.405,4.51625,-0.67125,9.26,-0.2275,-7.265,3.941799,6.967454,-3.46036,2.997398,-0.517255,-1.565822,2.016838,-3.942506,2.167706,4.775548,-4.834052,7.990927,3.741657,-0.741657,-1.193757,-1.244994,4.512232,-2.008155,0.105708,-0.813048,-2.55,2.7,-1.45,6.75,3.568849,-0.113919,0.189371,2.01023,4.985944,3.637116,2.783186,0.489628,1.64628,-1.637654,1.524895,-2.151688,-7.034865,-4.45097
4.0,3.0,-1.0,0.8,-0.6,-1.9,8.0,-2.28,4.56,-0.84,9.36,-0.24,-7.04,3.998294,6.843086,-4.270407,3.589355,-1.529645,-2.374123,1.509901,-4.33138,1.525213,4.460058,-3.961043,7.98081,4.0,-1.0,-1.0,-1.4,4.828314,-2.218876,0.253213,-1.150201,-2.2,2.4,-0.9,6.3,3.798721,0.449074,0.669424,2.003883,4.83719,3.860195,2.314959,-0.37361,1.848469,-1.813103,1.72607,-2.3614,-6.581089,-4.573041
4.5,3.25,-1.375,1.4,-1.3,-1.825,9.0,-2.145,4.59625,-0.99125,9.44,-0.2475,-6.785,3.895391,6.627538,-4.805158,4.172375,-2.237473,-3.145099,0.987389,-4.686969,1.115555,4.128516,-2.940663,7.861858,4.242641,-1.242641,-0.818019,-1.545584,5.114244,-2.409496,0.386647,-1.455194,-1.85,2.1,-0.35,5.85,3.934043,1.15774,1.145808,2.08533,4.462293,3.978617,2.022949,-1.41786,2.03932,-1.970971,1.921095,-2.561791,-5.96233,-4.676792
5.0,3.5,-1.75,2.0,-2.0,-1.75,10.0,-2.0,4.625,-1.125,9.5,-0.25,-6.5,3.63719,6.324174,-4.99977,4.743182,-2.499808,-3.857807,0.465262,-5.005718,1.00341,3.782116,-1.849591,7.636236,4.472136,-1.472136,-0.645898,-1.683282,5.375278,-2.583519,0.508463,-1.73363,-1.5,1.8,0.2,5.4,3.977892,1.96776,1.615884,2.257515,3.893889,3.987475,2.04494,-2.57664,2.218399,-2.111717,2.109495,-2.752341,-5.297434,-4.764775
5.5,3.75,-2.125,2.6,-2.7,-1.675,11.0,-1.845,4.64625,-1.24125,9.54,-0.2475,-6.185,3.233986,5.937729,-4.830646,5.298566,-2.264417,-4.492887,-0.040531,-5.284444,1.206483,3.422105,-0.769823,7.30805,4.690416,-1.690416,-0.482188,-1.814249,5.615407,-2.743604,0.620523,-1.989767,-1.15,1.5,0.75,4.95,3.937989,2.827991,2.077329,2.521905,3.176644,3.884325,2.456194,-3.773237,2.385494,-2.23617,2.290879,-2.932691,-4.710383,-4.840509
6.0,4.0,-2.5,3.2,-3.4,-1.6,12.0,-1.68,4.66,-1.34,9.56,-0.24,-5.84,2.701853,5.474231,-4.318293,5.835404,-1.578167,-5.033089,-0.514538,-5.520361,1.692713,3.049777,0.217497,6.883271,4.898979,-1.898979,-0.325765,-1.939388,5.83773,-2.89182,0.724274,-2.226912,-0.8,1.2,1.3,4.5,3.82639,3.685041,2.528156,2.878457,2.36448,3.669238,3.254471,-4.927561,2.540596,-2.345419,2.46494,-3.102635,-4.316491,-4.908264
6.5,4.25,-2.875,3.8,-4.1,-1.525,13.0,-1.505,4.66625,-1.42125,9.56,-0.2275,-5.465,2.062005,4.940915,-3.524837,6.350678,-0.577694,-5.463739,-0.942281,-5.711112,2.385334,2.666474,1.038174,6.369629,5.09902,-2.09902,-0.175735,-2.059412,6.044709,-3.029806,0.820864,-2.44769,-0.45,0.9,1.85,4.05,3.659004,4.488032,2.966733,3.325621,1.517219,3.344799,4.360472,-5.963298,2.683868,-2.440712,2.63145,-3.262112,-4.209566,-4.972801
7.0,4.5,-3.25,4.4,-4.8,-1.45,14.0,-1.32,4.665,-1.485,9.54,-0.21,-5.06,1.339953,4.346102,-2.546488,6.841491,0.5378,-5.773139,-1.310694,-5.854791,3.174998,2.273574,1.630533,5.776472,5.291503,-2.291503,-0.031373,-2.174902,6.238325,-3.158883,0.911218,-2.654213,-0.1,0.6,2.4,3.6,3.454964,5.193152,3.391799,3.860372,0.696867,2.916047,5.633628,-6.814727,2.815622,-2.523369,2.790261,-3.411183,-4.451465,-5.039078
7.5,4.75,-3.625,5.0,-5.5,-1.375,15.0,-1.125,4.65625,-1.53125,9.5,-0.1875,-4.625,0.56448,3.699075,-1.501874,7.305084,1.546215,-5.952885,-1.608522,-5.949962,3.937033,1.872492,1.950059,5.114593,5.477226,-2.477226,0.107919,-2.286335,6.420198,-3.280132,0.996093,-2.848212,0.25,0.3,2.95,3.15,3.23586,5.76756,3.80248,4.47828,-0.036245,2.390366,6.900088,-7.43259,2.936286,-2.59472,2.941296,-3.550019,-5.065207,-5.111946
8.0,5.0,-4.0,5.6,-6.2,-1.3,16.0,-0.92,4.64,-1.56,9.44,-0.16,-4.16,-0.233497,3.009929,-0.51766,7.738849,2.24677,-5.998094,-1.826667,-5.995676,4.551132,1.464671,1.97274,4.396037,5.656854,-2.656854,0.242641,-2.394113,6.591674,-3.394449,1.076114,-3.031119,0.6,0.0,3.5,2.7,3.024878,6.192329,4.198294,5.17361,-0.62721,1.777316,7.987336,-7.788494,3.046377,-2.656055,3.084547,-3.678887,-6.032407,-5.195851
8.5,5.25,-4.375,6.2,-6.9,-1.225,17.0,-0.705,4.61625,-1.57125,9.36,-0.1275,-3.665,-1.022164,2.289419,0.286813,8.140348,2.49998,-5.907539,-1.958467,-5.991474,4.920341,1.051578,1.69687,3.63388,5.830952,-2.830952,0.373214,-2.498571,6.753875,-3.502584,1.151809,-3.204134,0.95,-0.3,4.05,2.25,2.845877,6.464129,4.579159,5.939449,-1.029957,1.088419,8.758536,-7.877444,3.146475,-2.708591,3.220063,-3.798124,-7.295328,-5.294562
9.0,5.5,-4.75,6.8,-7.6,-1.15,18.0,-0.48,4.585,-1.565,9.26,-0.09,-3.14,-1.770082,1.548788,0.814,8.507324,2.25543,-5.683679,-1.999894,-5.937399,4.98637,0.634701,1.143183,2.84199,6.0,-3.0,0.5,-2.6,6.907755,-3.60517,1.223619,-3.368272,1.3,-0.6,4.6,1.8,2.722439,6.595529,4.945391,6.76786,-1.21012,0.336899,9.13978,-7.718293,3.237204,-2.753452,3.347951,-3.90813,-8.763307,-5.41094
9.5,5.75,-5.125,7.4,-8.3,-1.075,19.0,-0.245,4.54625,-1.54125,9.14,-0.0475,-2.585,-2.447432,0.799593,0.999976,8.837714,1.56181,-5.332594,-1.949684,-5.833991,4.738795,0.21554,0.353286,2.034778,6.164414,-3.164414,0.623311,-2.698648,7.054126,-3.702751,1.291925,-3.524401,1.65,-0.9,5.15,1.35,2.676926,6.613871,5.2977,7.650066,-1.147171,-0.46261,9.134802,-7.352057,3.319208,-2.791659,3.468363,-4.009347,-10.322848,-5.546763
10.0,6.0,-5.5,8.0,-9.0,-1.0,20.0,0.0,4.5,-1.5,9.0,0.0,-2.0,-3.02721,0.053526,0.822192,9.129659,0.557225,-4.863822,-1.80937,-5.682283,4.216703,-0.204397,-0.613459,1.226933,6.324555,-3.324555,0.743416,-2.794733,7.193686,-3.795791,1.357053,-3.673265,2.0,-1.2,5.7,0.9,2.729593,6.558831,5.63719,8.57664,-0.835697,-1.2944,8.824237,-6.838246,3.393135,-2.824127,3.581489,-4.102246,-11.85026,-5.702612
10.5,6.25,-5.875,8.6,-9.7,-0.925,21.0,0.255,4.44625,-1.44125,8.84,0.0525,-1.385,-3.486303,-0.677772,0.302203,9.381519,-0.558307,-4.290096,-1.583239,-5.483792,3.50252,-0.623598,-1.684402,0.433156,6.480741,-3.480741,0.860556,-2.888444,7.327041,-3.884694,1.419286,-3.815511,2.35,-1.5,6.25,0.45,2.897773,6.478872,5.965337,9.537722,-0.285738,-2.142036,8.349561,-6.249558,3.459626,-2.851664,3.687555,-4.187317,-13.225433,-5.877844
11.0,6.5,-6.25,9.2,-10.4,-0.85,22.0,0.52,4.385,-1.365,8.66,0.11,-0.74,-3.806408,-1.382889,-0.496937,9.591877,-1.562677,-3.627001,-1.278197,-5.2405,2.709,-1.040555,-2.779062,-0.332109,6.63325,-3.63325,0.974937,-2.97995,7.45472,-3.969813,1.478869,-3.951701,2.7,-1.8,6.8,0.0,3.195194,6.426917,6.283986,10.523237,0.477839,-2.988728,7.884928,-5.665376,3.519307,-2.874982,3.786812,-4.265058,-14.345202,-6.070623
11.5,6.75,-6.625,9.8,-11.1,-0.775,23.0,0.795,4.31625,-1.27125,8.46,0.1725,-0.065,-3.974764,-2.050822,-1.478332,9.759551,-2.255908,-2.892547,-0.903564,-4.954839,1.961423,-1.453767,-3.815176,-1.054935,6.78233,-3.78233,1.086747,-3.069398,7.577186,-4.051457,1.53602,-4.082332,3.05,-2.1,7.35,-0.45,3.631427,6.45562,6.595321,11.523125,1.416884,-3.817708,7.602491,-5.164681,3.572773,-2.8947,3.87953,-4.335965,-15.134844,-6.278038
12.0,7.0,-7.0,10.4,-11.8,-0.7,24.0,1.08,4.24,-1.16,8.24,0.24,0.64,-3.984658,-2.671147,-2.52298,9.883598,-2.499976,-2.106685,-0.470782,-4.629662,1.377814,-1.861747,-4.71488,-1.72217,6.928203,-3.928203,1.196152,-3.156922,7.694848,-4.129899,1.590929,-4.207838,3.4,-2.4,7.9,-0.9,4.211506,6.612664,6.901853,12.527561,2.482338,-4.612602,7.638128,-4.818996,3.620593,-2.911356,3.965995,-4.400528,-15.55639,-6.496279
12.5,7.25,-7.375,11.0,-12.5,-0.625,25.0,1.375,4.15625,-1.03125,8.0,0.3125,1.375,-3.835697,-3.234186,-3.504215,9.96332,-2.246283,-1.290762,0.006927,-4.268218,1.050313,-2.263027,-5.410562,-2.321671,7.071068,-4.071068,1.303301,-3.242641,7.808069,-4.205379,1.643766,-4.328607,3.75,-2.7,8.45,-1.35,4.935727,6.9365,7.206389,13.527184,3.617283,-5.357807,8.064384,-4.686,3.663298,-2.92541,4.046505,-4.45922,-15.612856,-6.720873
13.0,7.5,-7.75,11.6,-13.2,-0.55,26.0,1.68,4.065,-0.885,7.74,0.39,2.14,-3.533819,-3.731152,-4.303057,9.99827,-1.545343,-0.466942,0.514971,-3.87412,1.030624,-2.656162,-5.849942,-2.842529,7.211103,-4.211103,1.408327,-3.326662,7.917172,-4.278115,1.69468,-4.444983,4.1,-3.0,9.0,-1.8,5.799636,7.452913,7.512005,14.513298,4.76048,-6.038831,8.876033,-4.80437,3.701385,-2.93726,4.121361,-4.5125,-15.347906,-6.946956
13.5,7.75,-8.125,12.2,-13.9,-0.475,27.0,1.995,3.96625,-0.72125,7.46,0.4725,2.935,-3.091058,-4.154289,-4.822643,9.988251,-0.536716,0.3424,1.037832,-3.451304,1.321857,-3.039738,-6.0,-3.275266,7.348469,-4.348469,1.511352,-3.409082,8.022446,-4.348297,1.743808,-4.557276,4.45,-3.3,9.55,-2.25,6.794207,8.17272,7.82202,15.478076,5.850176,-6.642626,9.991112,-5.190331,3.735312,-2.947244,4.190865,-4.560802,-14.840993,-7.169572
14.0,8.0,-8.5,12.8,-14.6,-0.4,28.0,2.32,3.86,-0.54,7.16,0.56,3.76,-2.525067,-4.496996,-4.999971,9.933318,0.578775,1.115277,1.559537,-3.003996,1.878031,-3.412375,-5.84946,-3.612008,7.483315,-4.483315,1.612486,-3.489989,8.124151,-4.4161,1.79127,-4.665761,4.8,-3.6,10.1,-2.7,7.9062,9.090802,8.139953,16.414727,6.827946,-7.157879,11.267246,-5.836203,3.765502,-2.955651,4.255321,-4.604542,-14.198508,-7.383981
14.5,8.25,-8.875,13.4,-15.3,-0.325,29.0,2.655,3.74625,-0.34125,6.84,0.6525,4.615,-1.858409,-4.753923,-4.813538,9.833782,1.579027,1.830696,2.06415,-2.536664,2.61134,-3.77273,-5.409634,-3.846625,7.615773,-4.615773,1.71183,-3.569464,8.22252,-4.48168,1.837176,-4.770688,5.15,-3.9,10.65,-3.15,9.118693,10.186562,8.469497,17.317658,7.642324,-7.575263,12.529991,-6.711092,3.792341,-2.962726,4.315024,-4.644106,-13.541937,-7.585942
15.0,8.5,-9.25,14.0,-16.0,-0.25,30.0,3.0,3.625,-0.125,6.5,0.75,5.5,-1.117662,-4.921063,-4.285951,9.690202,2.264887,2.469225,2.536256,-2.053979,3.40601,-4.119508,-4.713575,-3.97485,7.745967,-4.745967,1.809475,-3.64758,8.317766,-4.545177,1.881624,-4.872284,5.5,-4.2,11.2,-3.6,10.411754,11.425763,8.81448,18.18259,8.252,-7.887651,13.607569,-7.763645,3.816181,-2.968679,4.370266,-4.679859,-12.994336,-7.771981
15.5,8.75,-9.625,14.6,-16.7,-0.175,31.0,3.355,3.49625,0.10875,6.14,0.8525,6.415,-0.332358,-4.995807,-3.481182,9.503384,2.499794,3.013518,2.961435,-1.560763,4.136579,-4.45146,-3.813593,-3.994348,7.874008,-4.874008,1.905506,-3.724405,8.410081,-4.606721,1.924705,-4.970753,5.85,-4.5,11.75,-4.05,11.763232,12.763591,9.178823,19.006663,8.628395,-8.090272,14.365071,-8.926637,3.837341,-2.973686,4.42133,-4.71214,-12.666627,-7.9396
16.0,9.0,-10.0,15.2,-17.4,-0.1,32.0,3.72,3.36,0.36,5.76,0.96,7.36,0.466197,-4.976988,-2.496813,9.274379,2.236978,3.44879,3.326698,-1.061943,4.687708,-4.767391,-2.77732,-3.904765,8.0,-5.0,2.0,-3.8,8.49964,-4.666427,1.966499,-5.066283,6.2,-4.8,12.3,-4.5,13.149648,14.148654,9.566503,19.788494,8.757433,-8.180823,14.731316,-10.12298,3.85611,-2.977895,4.468489,-4.741264,-12.64525,-8.087433
16.5,9.25,-10.375,15.8,-18.1,-0.025,33.0,4.095,3.21625,0.62875,5.36,1.0725,8.335,1.246165,-4.8649,-1.452203,9.004476,1.528766,3.763219,3.620887,-0.562505,4.972385,-5.066165,-1.682631,-3.707732,8.124038,-5.124038,2.093029,-3.874423,8.586603,-4.724402,2.007081,-5.159043,6.55,-5.1,12.85,-4.95,14.547124,15.527572,9.981517,20.528209,8.640417,-8.159515,14.713024,-11.272608,3.872749,-2.981432,4.512003,-4.767519,-12.982535,-8.215324
17.0,9.5,-10.75,16.4,-18.8,0.05,34.0,4.48,3.065,0.915,4.94,1.19,9.34,1.976453,-4.661292,-0.474016,8.69519,0.516169,3.948263,3.835016,-0.067438,4.945665,-5.346706,-0.611793,-3.406832,8.246211,-5.246211,2.184658,-3.947727,8.671115,-4.780744,2.04652,-5.24919,6.9,-5.4,13.4,-5.4,15.93234,16.849749,10.427836,21.227444,8.293948,-8.029073,14.393481,-12.299624,3.887491,-2.984406,4.552123,-4.791174,-13.690881,-8.324345
17.5,9.75,-11.125,17.0,-19.5,0.125,35.0,4.875,2.90625,1.21875,4.5,1.3125,10.375,2.627946,-4.369342,0.319139,8.348262,-0.599201,3.998896,3.962544,0.418311,4.611768,-5.608005,0.354722,-3.007543,8.3666,-5.3666,2.27495,-4.01996,8.753312,-4.835541,2.084879,-5.336866,7.25,-5.7,13.95,-5.85,17.28346,18.071892,10.909367,21.889303,7.748896,-7.794672,13.915951,-13.139087,3.900547,-2.986904,4.589087,-4.812473,-14.741371,-8.416723
18.0,10.0,-11.5,17.6,-20.2,0.2,36.0,5.28,2.74,1.54,4.04,1.44,11.44,3.174671,-3.993605,0.831087,7.965642,-1.595267,3.913742,3.999576,0.889889,4.023408,-5.849121,1.144281,-2.51713,8.485281,-5.485281,2.363961,-4.091169,8.833317,-4.888878,2.122215,-5.422205,7.6,-6.0,14.5,-6.3,18.581004,19.161872,11.429918,22.518293,7.048474,-7.463822,13.455156,-13.742809,3.912104,-2.989002,4.623121,-4.831641,-16.066993,-8.495708
18.5,10.25,-11.875,18.2,-20.9,0.275,37.0,5.695,2.56625,1.87875,3.56,1.5725,12.535,3.594832,-3.539944,0.999753,7.54948,-2.273705,3.695115,3.94498,1.342583,3.273474,-6.069187,1.697548,-1.944517,8.602325,-5.602325,2.451744,-4.161395,8.911243,-4.940829,2.15858,-5.505326,7.95,-6.3,15.05,-6.75,19.808624,20.101605,11.993155,23.12022,6.245558,-7.046199,13.182485,-14.083658,3.922332,-2.990765,4.654438,-4.848884,-17.570103,-8.565371
19.0,10.5,-12.25,18.8,-21.6,0.35,38.0,6.12,2.385,2.235,3.06,1.71,13.66,3.871679,-3.015439,0.804685,7.102118,-2.499436,3.348953,3.800423,1.771872,2.480365,-6.26741,1.972946,-1.300124,8.717798,-5.717798,2.538348,-4.230679,8.987197,-4.991465,2.194025,-5.586343,8.3,-6.6,15.6,-7.2,20.953759,20.888657,12.602568,23.702057,5.399396,-6.553428,13.23187,-14.157986,3.93138,-2.992246,4.683238,-4.864388,-19.133293,-8.630356
19.5,10.75,-12.625,19.4,-22.3,0.425,39.0,6.555,2.19625,2.60875,2.54,1.8525,14.815,3.994173,-2.428275,0.269536,6.626069,-2.227515,2.88466,3.570323,2.173464,1.769295,-6.443077,1.949779,-0.595678,8.831761,-5.831761,2.623821,-4.299057,9.061275,-5.04085,2.228595,-5.66536,8.65,-6.9,16.15,-7.65,22.00813,21.536467,13.261435,24.271792,4.571923,-5.99882,13.673121,-13.985951,3.939382,-2.993489,4.70971,-4.878323,-20.632469,-8.695592
20.0,11.0,-13.0,20.0,-23.0,0.5,40.0,7.0,2.0,3.0,2.0,2.0,16.0,3.957433,-1.787613,-0.540804,6.124011,-1.512082,2.314846,3.261707,2.543349,1.252526,-6.595556,1.629787,0.156003,8.944272,-5.944272,2.708204,-4.366563,9.133567,-5.089045,2.262331,-5.742472,9.0,-7.2,16.7,-8.1,22.968075,22.073146,13.97279,24.838246,3.823916,-5.397077,14.498026,-13.609719,3.946457,-2.994534,4.73403,-4.890844,-21.950659,-8.765994
